Multiple, Synchronized, Thread Num, pthread Avg Time, Reg pthread Avg Time
500000000.000000, 0, 13, 9.976450, 0.000000
500000000.000000, 0, 14, 10.745756, 0.000000
500000000.000000, 0, 15, 11.512353, 0.000000
